<?xml version="1.0" encoding="UTF-8" standalone="yes"?><GicDataSet><xs:schema id="GicDataSet" xmlns="" xmlns:xs="http://www.w3.org/2001/XMLSchema" xmlns:msdata="urn:schemas-microsoft-com:xml-msdata"><xs:element name="GicDataSet" msdata:IsDataSet="true" msdata:UseCurrentLocale="true"><xs:complexType><xs:choice minOccurs="0" maxOccurs="unbounded"><xs:element name="BID_HEAD"><xs:complexType><xs:sequence><xs:element name="IMPORT_DATE" type="xs:dateTime" minOccurs="0" /><xs:element name="AUTO_SEQ" type="xs:int" minOccurs="0" /><xs:element name="SEQ_NO" type="xs:decimal" minOccurs="0" /><xs:element name="DCL_DOC_TYPE" type="xs:string" minOccurs="0" /><xs:element name="DCL_DOC_NO_5" type="xs:string" minOccurs="0" /><xs:element name="FLY_NO" type="xs:string" minOccurs="0" /><xs:element name="DCL_DATE" type="xs:dateTime" minOccurs="0" /><xs:element name="DOC_DATE" type="xs:dateTime" minOccurs="0" /><xs:element name="MAWB" type="xs:string" minOccurs="0" /><xs:element name="OTHER_ITEN_2" type="xs:string" minOccurs="0" /><xs:element name="HAWB_NO" type="xs:string" minOccurs="0" /><xs:element name="CNEE_CODE" type="xs:string" minOccurs="0" /><xs:element name="TAX_AMT1" type="xs:decimal" minOccurs="0" /><xs:element name="TAX_AMT3" type="xs:decimal" minOccurs="0" /><xs:element name="TAX_AMT4" type="xs:decimal" minOccurs="0" /><xs:element name="TOT_TAX_AMT" type="xs:decimal" minOccurs="0" /><xs:element name="TAX_BASE" type="xs:decimal" minOccurs="0" /><xs:element name="CURRENCY" type="xs:string" minOccurs="0" /><xs:element name="EX_RATE" type="xs:decimal" minOccurs="0" /><xs:element name="HAWB_EX_RATE" type="xs:decimal" minOccurs="0" /><xs:element name="COLOADER" type="xs:string" minOccurs="0" /><xs:element name="CNEE_C_NAME" type="xs:string" minOccurs="0" /><xs:element name="CNEE_BAN_ID" type="xs:string" minOccurs="0" /><xs:element name="CNEE_E_NAME" type="xs:string" minOccurs="0" /><xs:element name="SHPR_E_NAME" type="xs:string" minOccurs="0" /><xs:element name="FROM_CODE" type="xs:string" minOccurs="0" /><xs:element name="DESCRIPTION" type="xs:string" minOccurs="0" /><xs:element name="CLASSIFY_NO" type="xs:string" minOccurs="0" /><xs:element name="IMPORT_DUTY_RATE" type="xs:decimal" minOccurs="0" /><xs:element name="QTY" type="xs:decimal" minOccurs="0" /><xs:element name="QTY_UM" type="xs:string" minOccurs="0" /><xs:element name="PAY_TAX_AMT" type="xs:decimal" minOccurs="0" /><xs:element name="BROKER_BOX_NO" type="xs:string" minOccurs="0" /><xs:element name="DCL_DOC_NO" type="xs:string" minOccurs="0" /><xs:element name="FOB_AMT_TWD" type="xs:decimal" minOccurs="0" /></xs:sequence></xs:complexType></xs:element><xs:element name="COMP_DATA"><xs:complexType><xs:sequence><xs:element name="COMP_ID" type="xs:string" minOccurs="0" /><xs:element name="COMP_NAME" type="xs:string" minOccurs="0" /><xs:element name="COMP_BRF_NAME" type="xs:string" minOccurs="0" /><xs:element name="BAN_ID" type="xs:string" minOccurs="0" /><xs:element name="COMP_ADDR" type="xs:string" minOccurs="0" /><xs:element name="INVO_ADDR" type="xs:string" minOccurs="0" /><xs:element name="TEL" type="xs:string" minOccurs="0" /><xs:element name="FAX" type="xs:string" minOccurs="0" /><xs:element name="COMP_ENG_NAME" type="xs:string" minOccurs="0" /><xs:element name="COMP_ENG_NAME_ADDR" type="xs:string" minOccurs="0" /><xs:element name="COMP_TEL_2" type="xs:string" minOccurs="0" /><xs:element name="COMP_FAX_2" type="xs:string" minOccurs="0" /><xs:element name="COMP_MAIL" type="xs:string" minOccurs="0" /><xs:element name="OWNER_NAME" type="xs:string" minOccurs="0" /><xs:element name="LOCAL_CURR" type="xs:string" minOccurs="0" /><xs:element name="LOCAL_DEC" type="xs:int" minOccurs="0" /><xs:element name="LOCAL_ROUND_TYPE" type="xs:string" minOccurs="0" /><xs:element name="BANK_INFO_TWD" type="xs:string" minOccurs="0" /><xs:element name="BANK_INFO_FRG" type="xs:string" minOccurs="0" /><xs:element name="COMP_LOGO" type="xs:base64Binary" minOccurs="0" /><xs:element name="COMP_STAMP1" type="xs:base64Binary" minOccurs="0" /><xs:element name="COMP_STAMP2" type="xs:base64Binary" minOccurs="0" /><xs:element name="PP_CODE" type="xs:string" minOccurs="0" /><xs:element name="DESCRIPTION" type="xs:string" minOccurs="0" /><xs:element name="PP_COMP_NAME" type="xs:string" minOccurs="0" /><xs:element name="PP_COMP_ENG_NAME" type="xs:string" minOccurs="0" /><xs:element name="PP_COMP_ADDR" type="xs:string" minOccurs="0" /><xs:element name="PP_INVO_ADDR" type="xs:string" minOccurs="0" /><xs:element name="PP_ENG_ADDR" type="xs:string" minOccurs="0" /><xs:element name="PP_TEL_1" type="xs:string" minOccurs="0" /><xs:element name="PP_TEL_2" type="xs:string" minOccurs="0" /><xs:element name="PP_FAX_1" type="xs:string" minOccurs="0" /><xs:element name="PP_FAX_2" type="xs:string" minOccurs="0" /><xs:element name="PP_EMAIL" type="xs:string" minOccurs="0" /><xs:element name="PP_BANK_INFO_TWD" type="xs:string" minOccurs="0" /><xs:element name="PP_BANK_INFO_FRG" type="xs:string" minOccurs="0" /><xs:element name="PP_LOGO" type="xs:base64Binary" minOccurs="0" /><xs:element name="PP_STAMP1" type="xs:base64Binary" minOccurs="0" /><xs:element name="PP_STAMP2" type="xs:base64Binary" minOccurs="0" /><xs:element name="SKILL_EMAIL" type="xs:string" minOccurs="0" /><xs:element name="SKILL_EMAIL2" type="xs:string" minOccurs="0" /><xs:element name="SKILL_EMAIL3" type="xs:string" minOccurs="0" /><xs:element name="USER_TEL" type="xs:string" minOccurs="0" /><xs:element name="USER_TEL_EXT" type="xs:string" minOccurs="0" /><xs:element name="USER_FAX" type="xs:string" minOccurs="0" /><xs:element name="QUERY_COMP_NAME" type="xs:string" minOccurs="0" /><xs:element name="QUERY_COMP_ENG_NAME" type="xs:string" minOccurs="0" /></xs:sequence></xs:complexType></xs:element><xs:element name="params"><xs:complexType><xs:sequence><xs:element name="JASPER" type="xs:string" minOccurs="0" /><xs:element name="AUTO_SEQ" type="xs:string" minOccurs="0" /><xs:element name="gicpkAUTO_SEQ" type="xs:string" minOccurs="0" /><xs:element name="MODE" type="xs:string" minOccurs="0" /></xs:sequence></xs:complexType></xs:element><xs:element name="userBean"><xs:complexType><xs:sequence><xs:element name="superPowerkey" type="xs:string" minOccurs="0" /><xs:element name="auth" type="xs:string" minOccurs="0" /><xs:element name="ppName" type="xs:string" minOccurs="0" /><xs:element name="currType" type="xs:string" minOccurs="0" /><xs:element name="locale" type="xs:string" minOccurs="0" /><xs:element name="compName" type="xs:string" minOccurs="0" /><xs:element name="pcIp" type="xs:string" minOccurs="0" /><xs:element name="eMail" type="xs:string" minOccurs="0" /><xs:element name="serialVersionUID" type="xs:string" minOccurs="0" /><xs:element name="powerkey" type="xs:string" minOccurs="0" /><xs:element name="cloudId" type="xs:string" minOccurs="0" /><xs:element name="currDec" type="xs:string" minOccurs="0" /><xs:element name="attribute" type="xs:string" minOccurs="0" /><xs:element name="curr" type="xs:string" minOccurs="0" /><xs:element name="userEngName" type="xs:string" minOccurs="0" /><xs:element name="ppCode" type="xs:string" minOccurs="0" /><xs:element name="localPort" type="xs:string" minOccurs="0" /><xs:element name="pcName" type="xs:string" minOccurs="0" /><xs:element name="vat" type="xs:string" minOccurs="0" /><xs:element name="Lang" type="xs:string" minOccurs="0" /><xs:element name="issalse" type="xs:string" minOccurs="0" /><xs:element name="userName" type="xs:string" minOccurs="0" /><xs:element name="userId" type="xs:string" minOccurs="0" /><xs:element name="activeLog" type="xs:string" minOccurs="0" /><xs:element name="passwordKey" type="xs:string" minOccurs="0" /><xs:element name="compId" type="xs:string" minOccurs="0" /><xs:element name="telExt" type="xs:string" minOccurs="0" /><xs:element name="skinCss" type="xs:string" minOccurs="0" /></xs:sequence></xs:complexType></xs:element></xs:choice></xs:complexType></xs:element></xs:schema><BID_HEAD-array>
<BID_HEAD><IMPORT_DATE>2025-04-03T00:00:00+08:00</IMPORT_DATE><AUTO_SEQ>6554292</AUTO_SEQ><SEQ_NO>1.0</SEQ_NO><DCL_DOC_TYPE>X2</DCL_DOC_TYPE><DCL_DOC_NO_5>FYTV3</DCL_DOC_NO_5><FLY_NO>250403</FLY_NO><DCL_DATE>2025-04-03T00:00:00+08:00</DCL_DATE><DOC_DATE>2025-04-03T11:38:42+08:00</DOC_DATE><MAWB>IPC250403408EX</MAWB><OTHER_ITEN_2>TEL0921859971</OTHER_ITEN_2><HAWB_NO>HY01118534</HAWB_NO><CURRENCY>TWD</CURRENCY><HAWB_EX_RATE>1.0</HAWB_EX_RATE><CNEE_BAN_ID>L224919811</CNEE_BAN_ID><CNEE_E_NAME>劉家綺</CNEE_E_NAME><SHPR_E_NAME>新瑞立五金制品有限公司</SHPR_E_NAME><FROM_CODE>CNXMN</FROM_CODE><DESCRIPTION>架子</DESCRIPTION><CLASSIFY_NO>8302.49.00.00-2</CLASSIFY_NO><IMPORT_DUTY_RATE>0.075</IMPORT_DUTY_RATE><QTY>6.0</QTY><QTY_UM>PCE</QTY_UM><PAY_TAX_AMT>120.0</PAY_TAX_AMT><BROKER_BOX_NO>472</BROKER_BOX_NO><DCL_DOC_NO>BY/  /14/472 /FYTV3</DCL_DOC_NO><FOB_AMT_TWD>649.0</FOB_AMT_TWD></BID_HEAD>
<BID_HEAD><IMPORT_DATE>2025-04-03T00:00:00+08:00</IMPORT_DATE><AUTO_SEQ>6554292</AUTO_SEQ><SEQ_NO>1.0</SEQ_NO><DCL_DOC_TYPE>X2</DCL_DOC_TYPE><DCL_DOC_NO_5>FYTV3</DCL_DOC_NO_5><FLY_NO>250403</FLY_NO><DCL_DATE>2025-04-03T00:00:00+08:00</DCL_DATE><DOC_DATE>2025-04-03T11:38:42+08:00</DOC_DATE><MAWB>IPC250403408EX</MAWB><OTHER_ITEN_2>TEL0921859971</OTHER_ITEN_2><HAWB_NO>HY01118534</HAWB_NO><CURRENCY>TWD</CURRENCY><HAWB_EX_RATE>1.0</HAWB_EX_RATE><CNEE_BAN_ID>L224919811</CNEE_BAN_ID><CNEE_E_NAME>劉家綺</CNEE_E_NAME><SHPR_E_NAME>新瑞立五金制品有限公司</SHPR_E_NAME><FROM_CODE>CNXMN</FROM_CODE><DESCRIPTION>SHIRT</DESCRIPTION><CLASSIFY_NO>6110.20.00.00-1</CLASSIFY_NO><IMPORT_DUTY_RATE>0.105</IMPORT_DUTY_RATE><QTY>3.0</QTY><QTY_UM>PCE</QTY_UM><PAY_TAX_AMT>138.0</PAY_TAX_AMT><BROKER_BOX_NO>472</BROKER_BOX_NO><DCL_DOC_NO>BY/  /14/472 /FYTV3</DCL_DOC_NO><FOB_AMT_TWD>649.0</FOB_AMT_TWD></BID_HEAD>
<BID_HEAD><IMPORT_DATE>2025-04-03T00:00:00+08:00</IMPORT_DATE><AUTO_SEQ>6554292</AUTO_SEQ><SEQ_NO>1.0</SEQ_NO><DCL_DOC_TYPE>X2</DCL_DOC_TYPE><DCL_DOC_NO_5>FYTV3</DCL_DOC_NO_5><FLY_NO>250403</FLY_NO><DCL_DATE>2025-04-03T00:00:00+08:00</DCL_DATE><DOC_DATE>2025-04-03T11:38:42+08:00</DOC_DATE><MAWB>IPC250403408EX</MAWB><OTHER_ITEN_2>TEL0921859971</OTHER_ITEN_2><HAWB_NO>HY01118534</HAWB_NO><CURRENCY>TWD</CURRENCY><HAWB_EX_RATE>1.0</HAWB_EX_RATE><CNEE_BAN_ID>L224919811</CNEE_BAN_ID><CNEE_E_NAME>劉家綺</CNEE_E_NAME><SHPR_E_NAME>新瑞立五金制品有限公司</SHPR_E_NAME><FROM_CODE>CNXMN</FROM_CODE><DESCRIPTION>鈕扣</DESCRIPTION><CLASSIFY_NO>9606.29.00.00-7</CLASSIFY_NO><IMPORT_DUTY_RATE>0.05</IMPORT_DUTY_RATE><QTY>2.0</QTY><QTY_UM>PCE</QTY_UM><PAY_TAX_AMT>124.0</PAY_TAX_AMT><BROKER_BOX_NO>472</BROKER_BOX_NO><DCL_DOC_NO>BY/  /14/472 /FYTV3</DCL_DOC_NO><FOB_AMT_TWD>649.0</FOB_AMT_TWD></BID_HEAD>
<BID_HEAD><IMPORT_DATE>2025-04-03T00:00:00+08:00</IMPORT_DATE><AUTO_SEQ>6554292</AUTO_SEQ><SEQ_NO>1.0</SEQ_NO><DCL_DOC_TYPE>X2</DCL_DOC_TYPE><DCL_DOC_NO_5>FYTV3</DCL_DOC_NO_5><FLY_NO>250403</FLY_NO><DCL_DATE>2025-04-03T00:00:00+08:00</DCL_DATE><DOC_DATE>2025-04-03T11:38:42+08:00</DOC_DATE><MAWB>IPC250403408EX</MAWB><OTHER_ITEN_2>TEL0921859971</OTHER_ITEN_2><HAWB_NO>HY01118534</HAWB_NO><CURRENCY>TWD</CURRENCY><HAWB_EX_RATE>1.0</HAWB_EX_RATE><CNEE_BAN_ID>L224919811</CNEE_BAN_ID><CNEE_E_NAME>劉家綺</CNEE_E_NAME><SHPR_E_NAME>新瑞立五金制品有限公司</SHPR_E_NAME><FROM_CODE>CNXMN</FROM_CODE><DESCRIPTION>盒子</DESCRIPTION><CLASSIFY_NO>3926.90.39.00-1</CLASSIFY_NO><IMPORT_DUTY_RATE>0.05</IMPORT_DUTY_RATE><QTY>4.0</QTY><QTY_UM>PCE</QTY_UM><PAY_TAX_AMT>132.0</PAY_TAX_AMT><BROKER_BOX_NO>472</BROKER_BOX_NO><DCL_DOC_NO>BY/  /14/472 /FYTV3</DCL_DOC_NO><FOB_AMT_TWD>649.0</FOB_AMT_TWD></BID_HEAD>
<BID_HEAD><IMPORT_DATE>2025-04-03T00:00:00+08:00</IMPORT_DATE><AUTO_SEQ>6554292</AUTO_SEQ><SEQ_NO>1.0</SEQ_NO><DCL_DOC_TYPE>X2</DCL_DOC_TYPE><DCL_DOC_NO_5>FYTV3</DCL_DOC_NO_5><FLY_NO>250403</FLY_NO><DCL_DATE>2025-04-03T00:00:00+08:00</DCL_DATE><DOC_DATE>2025-04-03T11:38:42+08:00</DOC_DATE><MAWB>IPC250403408EX</MAWB><OTHER_ITEN_2>TEL0921859971</OTHER_ITEN_2><HAWB_NO>HY01118534</HAWB_NO><CURRENCY>TWD</CURRENCY><HAWB_EX_RATE>1.0</HAWB_EX_RATE><CNEE_BAN_ID>L224919811</CNEE_BAN_ID><CNEE_E_NAME>劉家綺</CNEE_E_NAME><SHPR_E_NAME>新瑞立五金制品有限公司</SHPR_E_NAME><FROM_CODE>CNXMN</FROM_CODE><DESCRIPTION>飾品</DESCRIPTION><CLASSIFY_NO>7117.19.00.00-5</CLASSIFY_NO><IMPORT_DUTY_RATE>0.0</IMPORT_DUTY_RATE><QTY>5.0</QTY><QTY_UM>PCE</QTY_UM><PAY_TAX_AMT>135.0</PAY_TAX_AMT><BROKER_BOX_NO>472</BROKER_BOX_NO><DCL_DOC_NO>BY/  /14/472 /FYTV3</DCL_DOC_NO><FOB_AMT_TWD>649.0</FOB_AMT_TWD></BID_HEAD>
</BID_HEAD-array>
<COMP_DATA><COMP_ID>A</COMP_ID><COMP_NAME>萬瑞國際有限公司</COMP_NAME><COMP_BRF_NAME>萬瑞(基隆關)</COMP_BRF_NAME><BAN_ID>94162415</BAN_ID><COMP_ADDR>201基隆市信義區信一路132號8樓之2</COMP_ADDR><INVO_ADDR>201基隆市信義區信一路132號8樓之2</INVO_ADDR><TEL></TEL><FAX></FAX><COMP_ENG_NAME>WAN RUI  INTERNATIONAL LTD.</COMP_ENG_NAME><COMP_ENG_NAME_ADDR>8F.-2, No. 132, Xin 1st Rd., Xinyi Dist., Keelung City 201015 , Taiwan (R.O.C.)</COMP_ENG_NAME_ADDR><COMP_TEL_2></COMP_TEL_2><COMP_FAX_2></COMP_FAX_2><COMP_MAIL></COMP_MAIL><OWNER_NAME></OWNER_NAME><LOCAL_CURR>TWD</LOCAL_CURR><LOCAL_DEC>0</LOCAL_DEC><LOCAL_ROUND_TYPE>1</LOCAL_ROUND_TYPE><BANK_INFO_TWD>銀行名稱:
帳號:
戶名:</BANK_INFO_TWD><BANK_INFO_FRG>BANK NAME:
SWIFT CODE:
A/C NAME:
A/C NO.:</BANK_INFO_FRG><PP_COMP_NAME>萬瑞國際有限公司</PP_COMP_NAME><PP_COMP_ENG_NAME>WAN RUI  INTERNATIONAL LTD.</PP_COMP_ENG_NAME><PP_COMP_ADDR>201基隆市信義區信一路132號8樓之2</PP_COMP_ADDR><PP_INVO_ADDR>201基隆市信義區信一路132號8樓之2</PP_INVO_ADDR><PP_ENG_ADDR>8F.-2, No. 132, Xin 1st Rd., Xinyi Dist., Keelung City 201015 , Taiwan (R.O.C.)</PP_ENG_ADDR><PP_TEL_1></PP_TEL_1><PP_TEL_2></PP_TEL_2><PP_FAX_1></PP_FAX_1><PP_FAX_2></PP_FAX_2><PP_EMAIL></PP_EMAIL><PP_BANK_INFO_TWD>銀行名稱:
帳號:
戶名:</PP_BANK_INFO_TWD><PP_BANK_INFO_FRG>BANK NAME:
SWIFT CODE:
A/C NAME:
A/C NO.:</PP_BANK_INFO_FRG><USER_TEL></USER_TEL><USER_TEL_EXT></USER_TEL_EXT><USER_FAX></USER_FAX><QUERY_COMP_NAME>萬瑞國際有限公司</QUERY_COMP_NAME><QUERY_COMP_ENG_NAME>WAN RUI  INTERNATIONAL LTD.</QUERY_COMP_ENG_NAME></COMP_DATA>
<params><JASPER>WANRUI/gicbid/F_BIDREP6</JASPER><AUTO_SEQ>6554292</AUTO_SEQ><gicpkAUTO_SEQ>6554292</gicpkAUTO_SEQ><MODE>BATCH</MODE></params><userBean><superPowerkey>N</superPowerkey><auth></auth><ppName></ppName><currType>1</currType><locale>zh_TW</locale><compName>萬瑞國際有限公司</compName><pcIp>220.130.219.125</pcIp><eMail></eMail><serialVersionUID>1</serialVersionUID><powerkey> </powerkey><cloudId>WPWJ9NA2</cloudId><currDec>0</currDec><attribute>{validFromDate=Fri Jan 09 10:35:40 CST 2026}</attribute><curr>TWD</curr><userEngName>KEVIN</userEngName><ppCode></ppCode><localPort>TWTPE</localPort><pcName>220-130-219-125.hinet-ip.hinet.net</pcName><vat>5.0</vat><Lang>zh_TW</Lang><issalse>false</issalse><userName>KEVIN</userName><userId>KEVIN</userId><activeLog></activeLog><passwordKey></passwordKey><compId>A</compId><telExt></telExt><skinCss>gic</skinCss></userBean></GicDataSet>